Boron,Nitrogen,Phosphorus,Potassium,SOC,Sulfur,Zinc,pH
-0.37828239916382855,-0.3356668652640697,-0.2517208378354322,-0.3009828680679004,-0.853632527674755,3.340004693160744,0.13160605549048313,-0.45868097697300153
-0.4459232296462827,-0.044293584761620375,-0.8545774550373986,0.6712989287128921,-0.4992844894508593,2.5754138145864083,-0.1199573981222866,-0.7404505171058422
-0.3106415686813744,-1.209786706771418,-0.496752882246554,-0.8843519461363759,-1.2079805658986507,0.09384692798549638,0.3374306993554765,-1.5857591375043691
-0.24300073819892015,-0.9184134262689688,-0.2283844526534207,1.1574398271032882,-0.42841488180608006,2.307136313332256,0.4517777237249174,0.10485810329268234
-0.10771907723401215,0.5384529762432787,-0.21671626006241484,-0.10652650871174174,-1.190263163987456,2.0120310619526878,0.5432553432204701,0.386627643425523
0.02756258373089622,-0.3356668652640697,-0.1700434896983917,1.6435807254936843,0.20941158699693252,2.0120310619526878,0.8176882017071277,-0.7404505171058422
-0.37828239916382855,-0.3356668652640697,-0.2945042106691202,3.1020034206648734,-0.42841488180608006,1.7169258105731202,0.5661247480943583,0.10485810329268234
-0.5135640601287369,-0.3356668652640697,-0.5473150501409125,-0.10652650871174174,-0.2866756665165216,1.8242368110747809,-0.14282680299617478,0.386627643425523
-0.7841273820585533,-0.9184134262689688,-1.0117091152629434,-0.009298329033662681,-1.1176218161515574,-0.28174157377031744,0.24595307985992404,-0.45868097697300153
-0.5135640601287369,-0.044293584761620375,-0.6406605908689589,-0.10652650871174174,-0.12721904931576877,3.5277989440386506,0.24595307985992404,-0.45868097697300153
-0.5135640601287369,0.8298262567457281,-0.6289923982779532,2.615862522274477,-0.1626538531381584,2.790035815589731,-0.051349183500622064,0.9501667236912069
-0.5135640601287369,-0.9184134262689688,0.2305644559261408,-0.7871237664582965,-1.2256979678098454,1.4084066841308445,0.7948187968332396,0.386627643425523
0.1628442446958046,-0.3356668652640697,-0.5784302303835946,0.08792985064441665,-0.3221104703389112,1.3547511838800137,0.40603891397714104,-1.0222200572386855
-0.6488457210936451,-0.3356668652640697,-0.7378955291273406,-0.3982110477459795,-0.2866756665165216,1.2876818085664754,0.49751653347269376,-1.303989597371526
0.02756258373089622,-1.209786706771418,-0.39173914892750183,-0.10652650871174174,-0.5524366951844437,2.8034496906524384,0.7719493919593514,-0.17691143684016084
-0.6488457210936451,-0.044293584761620375,-0.5784302303835946,-0.6898955867802173,-0.4638496856284697,2.2132391878933024,0.0401284359949304,0.10485810329268234
0.8392525495203458,-0.627040145766519,-0.45008011188253083,2.324177983240239,-0.8004803219411706,3.3131769430353284,2.875934640357063,0.10485810329268234
0.5686892275905293,-0.627040145766519,0.5378268608226268,-0.4954392274240588,-0.8004803219411706,0.2279856786125727,2.0297666600232005,-0.45868097697300153
-0.5135640601287369,-0.044293584761620375,-0.2283844526534207,1.838037084849843,0.17043330279230395,-0.8182965762786226,-0.028479778626733888,-1.86752867763721
-0.7841273820585533,0.24707969574082936,-0.438411919291525,0.9629834677471302,-0.12721904931576877,-1.5292319546021271,0.24595307985992404,-1.303989597371526
-0.37828239916382855,-0.3356668652640697,-0.43063312423085454,-0.10652650871174174,0.3334334003752958,1.0328181823750306,0.0401284359949304,-0.17691143684016084
0.02756258373089622,0.8298262567457281,0.4639283077462568,-0.4954392274240588,0.457455213753659,-1.032918577281945,1.114990465067674,-0.45868097697300153
-0.7841273820585533,0.5384529762432787,-0.6523287834599647,-0.5926674071021382,0.17397678317454293,-0.8853659515921608,-0.5087372809783854,0.9501667236912069
-0.24300073819892015,-0.9184134262689688,0.20722807074412913,1.351896186459447,-0.623306302829223,-1.032918577281945,3.813580240186478,-0.45868097697300153
-0.5135640601287369,-0.627040145766519,-0.08447674403101585,-0.4954392274240588,-0.7118933123851966,-1.4353348291631738,1.2064680845632267,0.386627643425523
-0.37828239916382855,-0.044293584761620375,-0.27116782548710855,0.5740707490348128,-0.42841488180608006,-1.3414377037242202,-0.32578204198728,-0.45868097697300153
-1.7310990088129112,1.4125728177506276,-0.6756651686419763,-0.7871237664582965,1.0244120749118928,-0.9792630770311143,-0.4858678761044972,-1.0222200572386855
1.6509425153097956,1.1211995372481778,-0.7495637217183464,-1.1760364851706135,1.325607907402204,-1.462162579288589,-0.14282680299617478,-0.45868097697300153
-0.10771907723401215,-0.044293584761620375,-0.5667620377925888,-1.1760364851706135,0.1031071755297637,-1.4755764543512966,-0.5316066858522736,0.10485810329268234
-0.10771907723401215,0.8298262567457281,-0.9245866105834334,-1.1760364851706135,-0.03863203975979475,-1.3280238286615127,-0.8746477589605959,-0.45868097697300153
-0.6488457210936451,-0.044293584761620375,-0.6990015538239879,-0.5926674071021382,-0.1626538531381584,-1.502404204476712,-0.737431329717267,0.386627643425523
-0.37828239916382855,0.5384529762432787,-0.7806789019610285,0.7685271083909715,0.315715998464101,-1.4889903294140043,2.3956771380054116,-0.17691143684016084
-0.7841273820585533,0.5384529762432787,-0.9206972130530982,-0.6898955867802173,0.3511508022864906,-1.502404204476712,-0.4858678761044972,-0.17691143684016084
0.7039708885554373,-0.044293584761620375,-0.8701350451587396,-0.7871237664582965,-0.25124086269413204,-1.3950932039750508,-0.46299847123060905,0.386627643425523
-1.189972364953278,-0.3356668652640697,-0.714559143945329,-1.2732646648486927,-0.676458508562807,-1.4755764543512966,-0.6459537102217142,0.9501667236912069
0.1628442446958046,0.5384529762432787,-0.48508468965554824,-1.2732646648486927,0.06767237170737408,-0.3085693238957326,-0.8289089492128195,-0.45868097697300153
0.2981259056607126,-0.044293584761620375,-0.7923470945520343,-0.6898955867802173,-0.05634944167098955,0.02677755267195821,-0.5316066858522736,0.10485810329268234
-0.10771907723401215,0.8298262567457281,-0.7690107093700227,-0.9815801258144551,0.7054988405103862,-0.26832769870760964,-0.6459537102217142,0.10485810329268234
0.1628442446958046,1.4125728177506276,-0.905139622931757,-0.7871237664582965,1.4141949169581778,0.8584378065598314,-0.6916925199694907,-0.17691143684016084
0.8392525495203458,0.5384529762432787,-0.3022830057297907,-0.6898955867802173,0.28028119464171136,0.44260767961589503,0.29169188960770037,-1.0222200572386855
0.5686892275905293,-0.3356668652640697,-0.6095454106262768,-1.1760364851706135,-0.5347192932732489,-0.5366051999617623,-0.8517783540867078,0.10485810329268234
0.43340756662562097,-0.044293584761620375,-0.38784975139716654,-1.2732646648486927,-0.35754527416130083,-0.8317104513413304,-0.6688231150956024,-1.0222200572386855
0.6363300580729832,0.5384529762432787,-0.4695270995342072,-1.0788083054925344,0.12082457744095851,-1.1402295777836058,0.3374306993554765,-0.17691143684016084
0.6363300580729832,0.5384529762432787,0.5106010781102801,-1.2732646648486927,-0.03863203975979475,-1.4487487042258813,0.06299784086881859,-0.17691143684016084
0.43340756662562097,0.8298262567457281,-0.597877218035271,-1.2732646648486927,0.5637596252208279,-1.502404204476712,-0.34865144686116817,-0.17691143684016084
-0.10771907723401215,0.5384529762432787,-0.6406605908689589,-1.0788083054925344,0.9535424672671136,-1.5828874548529577,0.17734486523825949,2.0772448842225746
0.5686892275905293,1.1211995372481778,-0.6173242056869473,-0.6898955867802173,0.28028119464171136,-1.502404204476712,-0.051349183500622064,-1.5857591375043691
-0.24300073819892015,-0.3356668652640697,-0.8195728772643812,-0.9815801258144551,-0.42841488180608006,-1.4755764543512966,-0.2800432322395036,0.10485810329268234
0.9745342104852541,0.8298262567457281,-0.613434808156612,-1.2732646648486927,0.5991944290432174,-1.2207128281598518,-0.18856561274395114,-0.7404505171058422
0.8392525495203458,0.24707969574082936,-0.8662456476284044,-1.1760364851706135,0.4220204099312698,-1.462162579288589,-0.6459537102217142,-0.7404505171058422
0.9745342104852541,0.24707969574082936,-0.7223379390059995,-1.0788083054925344,-0.07406684358218435,-1.4487487042258813,-0.25717382736561567,-0.45868097697300153
0.2981259056607126,0.8298262567457281,-0.8351304673857222,-1.0788083054925344,0.5991944290432174,-1.4889903294140043,-0.9889947833300368,0.386627643425523
0.2981259056607126,-0.044293584761620375,-0.7417849266576758,-1.1760364851706135,-0.09178424549337916,-1.4755764543512966,-0.1199573981222866,-0.45868097697300153
0.5686892275905293,0.5384529762432787,-0.6873333612329822,-1.1760364851706135,0.20941158699693252,-0.3756386992092708,-0.3029126371133918,-0.7404505171058422
0.7039708885554373,1.1211995372481778,-0.5900984229746005,-1.2732646648486927,0.6877814385991918,-0.4427080745228089,0.6804717724637992,-0.7404505171058422
0.8392525495203458,0.5384529762432787,-0.539536255080242,-1.1760364851706135,0.22712898890812694,0.5230909299921406,0.06299784086881859,0.386627643425523
0.5686892275905293,0.8298262567457281,-0.671775771111641,-1.2732646648486927,0.20941158699693252,0.20115792848715752,-1.034733593077813,-0.7404505171058422
1.2450975324150706,1.1211995372481778,-0.8973608278710865,-0.9815801258144551,0.9535424672671136,1.234026308315645,0.5432553432204701,-1.303989597371526
-0.24300073819892015,0.24707969574082936,-0.8856926352800807,-0.7871237664582965,0.08538977361856889,0.4694354297413102,-0.4172596614828327,-0.17691143684016084
1.109815871450162,1.7039460982530765,-0.4461907143521956,-1.0788083054925344,1.1129990844678663,-0.12077507301782571,0.36030010422936465,-0.45868097697300153
1.109815871450162,1.7039460982530765,-0.4461907143521956,-1.0788083054925344,1.1129990844678663,-0.12077507301782571,0.36030010422936465,-0.7404505171058422
0.8392525495203458,-0.3356668652640697,-0.9323654056441039,-0.5926674071021382,-0.4815670875396645,1.2876818085664754,0.29169188960770037,-0.45868097697300153
0.8392525495203458,0.24707969574082936,-0.9440335982351097,-0.7871237664582965,-0.10950164740457397,0.6304019304938017,0.8176882017071277,0.9501667236912069
0.5686892275905293,-0.9184134262689688,3.661013077681846,-0.009298329033662681,-1.0130891448755082,-0.9256075767802837,0.7719493919593514,0.10485810329268234
-0.24300073819892015,-0.044293584761620375,1.587964194013149,0.08792985064441665,-0.8359151257635602,1.7035119355104122,0.7033411773376874,-1.303989597371526
1.5156608543448873,-0.627040145766519,3.742690425818886,1.1574398271032882,-0.765045518118781,0.5901603053056786,0.06299784086881859,0.386627643425523
-0.10771907723401215,-0.3356668652640697,0.4678177052765921,-0.3009828680679004,-0.3221104703389112,-0.02687794757887237,0.017259031121042476,-0.45868097697300153
0.2981259056607126,-0.627040145766519,1.7085355174535422,1.9352652645279225,-0.942219537230729,-0.20125832339407146,-0.1199573981222866,-0.17691143684016084
0.6363300580729832,-0.044293584761620375,0.5183798731709505,-0.9815801258144551,-0.07406684358218435,0.9657488070614925,-0.051349183500622064,1.7954753440897315
0.7039708885554373,-0.627040145766519,0.06720975965205964,-0.009298329033662681,-0.8713499295859498,-0.6036745752753004,-0.5316066858522736,0.6683971835583662
0.9745342104852541,-0.3356668652640697,0.43281312750357476,-0.3009828680679004,-0.42841488180608006,-0.7780549510904997,-0.737431329717267,-0.45868097697300153
0.1628442446958046,0.24707969574082936,0.35502517689686947,0.3796143896786544,-0.07406684358218435,-0.6305023254007158,-0.5087372809783854,-0.45868097697300153
-0.04007824675155797,-0.044293584761620375,-0.26727842795677337,-1.1760364851706135,-0.2335234607829372,-0.02687794757887237,-0.5773454956000497,2.640783964488256
0.43340756662562097,0.5384529762432787,0.4405919225642451,-0.3009828680679004,0.4220204099312698,0.6169880554310939,-0.005610373752845706,0.10485810329268234
-0.04007824675155797,0.24707969574082936,0.8178634830067661,1.060211647425209,-0.09178424549337916,0.3889521793650642,0.7719493919593514,-0.17691143684016084
0.02756258373089622,0.24707969574082936,0.6195042089596675,-0.5926674071021382,-0.44613228371727487,-1.5560597047275426,-0.9661253784561485,0.10485810329268234
-0.10771907723401215,0.5384529762432787,0.31613120159351676,-0.4954392274240588,-0.5878714990068333,-1.462162579288589,-0.14282680299617478,-1.5857591375043691
-0.7841273820585533,-1.209786706771418,0.6117254138989968,-0.10652650871174174,-1.2965675754546246,-0.5231913248990547,-0.9203865687083722,-0.7404505171058422
-0.581204890611191,-0.9184134262689688,1.6074111816648253,-0.10652650871174174,-1.2079805658986507,-0.06711957276699512,-0.5544760907261616,-0.17691143684016084
-0.04007824675155797,-0.9184134262689688,-0.5123104723678951,-0.5926674071021382,-1.3674371830994039,-0.8719520765294532,-0.4172596614828327,-0.45868097697300153
0.6363300580729832,-0.9184134262689688,-0.7573425167790169,-0.9815801258144551,-0.9599369391419238,-1.0463324523446524,-0.9432559735822603,-0.17691143684016084
0.9745342104852541,0.24707969574082936,1.039559142235876,2.5186343425963975,-0.25124086269413204,2.0791004372662263,-0.4172596614828327,-1.5857591375043691
-0.7841273820585533,-0.3356668652640697,0.2850160213508345,1.4491243661375262,-0.4992844894508593,0.02677755267195821,-0.18856561274395114,0.10485810329268234
-0.10771907723401215,-0.044293584761620375,1.0006651669325235,-0.4954392274240588,0.032237567884984476,-0.17443057326865627,-0.6002149004739379,0.6683971835583662
1.1774567019326163,-0.9184134262689688,0.8762044459617951,-0.4954392274240588,-0.42841488180608006,-0.3085693238957326,-0.25717382736561567,0.386627643425523
0.2981259056607126,-0.3356668652640697,1.5140656409367788,-0.3982110477459795,-0.12721904931576877,-0.8585382014667455,0.06299784086881859,0.10485810329268234
0.1628442446958046,-0.627040145766519,-0.10003433415235687,0.18515803032249598,-0.6055889009180281,0.48284930480401755,-1.011864188203925,0.386627643425523
-0.10771907723401215,-0.627040145766519,-0.3606239686848197,1.060211647425209,-0.7118933123851966,-1.0463324523446524,-0.4401290663567209,0.10485810329268234
1.109815871450162,-0.044293584761620375,2.2841663519431616,-0.6898955867802173,-0.2866756665165216,1.086473682625861,-0.6002149004739379,-0.45868097697300153
0.2981259056607126,-0.627040145766519,-0.48508468965554824,3.1020034206648734,-0.1626538531381584,-0.45612194958551655,-1.2176888320689183,0.386627643425523
0.02756258373089622,-0.3356668652640697,0.08276734977340064,1.351896186459447,-0.39298007798369045,-1.0463324523446524,-0.32578204198728,2.0772448842225746
0.9745342104852541,-0.627040145766519,2.33472851983752,-0.6898955867802173,-0.7827629200299758,-0.7109855757769616,2.3041995185098587,-0.45868097697300153
2.5979141420641527,-0.9184134262689688,2.171373823563439,0.3796143896786544,-0.9245021353195342,0.724299055932755,-0.4401290663567209,0.10485810329268234
1.448020023862433,-0.9184134262689688,0.5222692707012858,0.6712989287128921,-0.8359151257635602,-0.8451243264040379,-0.9203865687083722,0.386627643425523
-0.4459232296462827,-0.9184134262689688,-0.555093845201583,-0.9815801258144551,-1.1176218161515574,-1.1268157027208983,-0.737431329717267,1.5137058039568907
-0.581204890611191,-0.9184134262689688,-0.4189649316398487,-1.3704928445267721,-0.8181977238523654,-0.7914688261532073,-0.8517783540867078,0.10485810329268234
-0.37828239916382855,-0.044293584761620375,-0.4111861365791782,-0.6898955867802173,-0.2866756665165216,-0.5902607002125928,-0.8746477589605959,0.10485810329268234
-0.5135640601287369,0.5384529762432787,0.6000572213079911,-0.6898955867802173,0.5814770271320231,2.5351721893982853,-0.5773454956000497,-1.303989597371526
-0.7164865515760993,-0.627040145766519,-0.030025178606322034,1.1574398271032882,-0.8359151257635602,-0.4427080745228089,-0.18856561274395114,-0.45868097697300153
-0.7164865515760993,-0.9184134262689688,-0.39173914892750183,-0.4954392274240588,-0.8890673314971446,-0.6841578256515463,0.4746471285988056,1.7954753440897315
-0.10771907723401215,-0.627040145766519,-0.1272601168647037,-0.7871237664582965,-0.9067847334083394,-0.6439162004634235,-0.5316066858522736,-1.0222200572386855
1.109815871450162,1.1211995372481778,0.8178634830067661,-0.8843519461363759,0.8118032519775551,3.407074068474282,0.9777740358243451,-0.45868097697300153
0.02756258373089622,0.5384529762432787,-0.44230131682186036,1.5463525458156056,0.7232162424215814,1.7169258105731202,-0.25717382736561567,0.6683971835583662
-0.5135640601287369,0.24707969574082936,-0.6795545661723115,-0.8843519461363759,0.9358250653559184,0.2816411788634033,-0.8975171638344841,0.386627643425523
0.02756258373089622,0.8298262567457281,-0.13892830945570953,-0.7871237664582965,1.378760113135788,0.2816411788634033,-0.9889947833300368,-0.45868097697300153
-0.24300073819892015,0.24707969574082936,-0.20504806747140902,-0.3009828680679004,0.17043330279230395,-0.3085693238957326,-0.3943902566089445,0.10485810329268234
-0.24300073819892015,-0.044293584761620375,0.1138825300160828,-0.6898955867802173,-0.09178424549337916,-0.20125832339407146,-0.8746477589605959,-0.7404505171058422
-0.24300073819892015,-0.044293584761620375,-0.597877218035271,-0.9815801258144551,0.06767237170737408,-0.45612194958551655,-1.3549052613122474,-0.17691143684016084
-0.5135640601287369,0.24707969574082936,-0.7378955291273406,-0.3009828680679004,-0.6587411066516126,-1.4353348291631738,-1.3777746661861352,-0.45868097697300153
-0.7164865515760993,0.24707969574082936,0.5844996311866502,-0.7871237664582965,-0.12721904931576877,-1.5694735797902502,-1.3777746661861352,0.386627643425523
-0.5135640601287369,-0.044293584761620375,-0.438411919291525,-0.3982110477459795,-0.7118933123851966,-1.4755764543512966,-1.3777746661861352,0.9501667236912069
-0.24300073819892015,-0.044293584761620375,-0.5823196279139299,0.08792985064441665,-0.3043930684277164,-1.5158180795394196,-1.6522075246727934,0.10485810329268234
2.124428328686974,0.8298262567457281,-0.04169337119732786,-0.6898955867802173,0.7586510462439711,-0.7512272009650844,-1.309166451564471,-0.45868097697300153
0.02756258373089622,0.8298262567457281,-0.5161998698982303,-0.3982110477459795,0.457455213753659,-1.5292319546021271,-1.309166451564471,0.10485810329268234
0.5686892275905293,-0.627040145766519,0.21111746827446445,-1.0788083054925344,-0.37526267607249564,-0.952435326905699,-1.583599310051129,-0.45868097697300153
-0.5135640601287369,-0.3356668652640697,-0.45785890694320136,-0.009298329033662681,-0.765045518118781,-1.3280238286615127,-0.8517783540867078,-0.17691143684016084
0.9745342104852541,1.1211995372481778,-0.5045316773072246,-0.6898955867802173,0.8118032519775551,-0.697571700714254,-1.1033418076994774,-0.45868097697300153
1.2450975324150706,-0.3356668652640697,-0.4189649316398487,0.7685271083909715,-0.7118933123851966,-0.8048827012159151,-1.011864188203925,-1.5857591375043691
0.1628442446958046,-0.044293584761620375,-0.8273516723250517,-0.5926674071021382,-0.26895826460532685,-0.08053344782970295,-1.2862970466905828,0.10485810329268234
0.1628442446958046,0.5384529762432787,-0.8273516723250517,-0.8843519461363759,0.1916941850857377,-0.02687794757887237,-1.1490806174472539,2.3590144243554154
-0.5135640601287369,0.5384529762432787,-0.889582032810416,-1.2732646648486927,0.032237567884984476,-0.08053344782970295,-0.5316066858522736,0.386627643425523
-1.05469070398837,0.5384529762432787,-0.6834439637026468,-1.0788083054925344,0.17397678317454293,-0.42929419946010133,-1.1262112125733656,0.9501667236912069
-0.581204890611191,0.24707969574082936,-0.772900106900358,-1.1760364851706135,-0.12721904931576877,0.6035741803683865,-0.5544760907261616,0.10485810329268234
0.9745342104852541,0.5384529762432787,-0.4189649316398487,-1.2732646648486927,0.22712898890812694,0.32188280405152603,-0.6459537102217142,-0.7404505171058422
0.02756258373089622,-0.3356668652640697,-0.08058734650068053,-1.0788083054925344,-0.5347192932732489,0.09384692798549638,-0.5087372809783854,-0.17691143684016084
-0.5135640601287369,-0.627040145766519,-0.6639969760509705,-0.4954392274240588,-0.853632527674755,-0.7109855757769616,-0.9432559735822603,0.6683971835583662
1.380379193379979,-0.044293584761620375,0.6700663768540258,-0.3009828680679004,-0.25124086269413204,0.5499186801175557,0.1544754603643713,0.10485810329268234
0.5686892275905293,1.7039460982530765,2.000240332228687,2.032493444206002,1.5204993284253465,1.4754760594443828,-1.309166451564471,-1.0222200572386855
0.02756258373089622,-0.3356668652640697,-0.32950878844213755,1.2546680067813676,-0.6410237047404177,0.5499186801175557,-0.6459537102217142,-0.45868097697300153
0.43340756662562097,-1.209786706771418,-0.7690107093700227,-0.3009828680679004,-1.4028719869217936,0.09384692798549638,-0.2800432322395036,1.5137058039568907
-0.6488457210936451,-0.9184134262689688,-0.714559143945329,-0.7871237664582965,-1.4560241926553779,-0.3756386992092708,-1.19481942719503,2.0772448842225746
-0.5135640601287369,0.24707969574082936,-0.9012502254014219,-0.7871237664582965,-0.1626538531381584,1.0730598075631537,-0.8517783540867078,0.9501667236912069
1.448020023862433,0.8298262567457281,-0.7767895044306932,-1.3704928445267721,0.3334334003752958,0.6706435556819247,-0.37152085173505633,-0.45868097697300153
0.5686892275905293,0.24707969574082936,-0.7378955291273406,0.6712989287128921,-0.12721904931576877,-0.13418894808053328,1.0006434406982332,0.6683971835583662
0.1628442446958046,1.1211995372481778,-0.5512044476712478,-0.8843519461363759,1.4673471226917625,1.2206124332529373,-0.5544760907261616,-0.17691143684016084
1.3127383628975247,1.1211995372481778,-0.3022830057297907,0.47684256935673375,0.9358250653559184,0.29505505392611087,-0.09708799324839842,0.10485810329268234
2.8008366335115156,-0.3356668652640697,-0.08836614156135103,0.08792985064441665,-0.7296107142963913,0.29505505392611087,2.7615876159876214,-1.303989597371526
1.3127383628975247,0.24707969574082936,-0.27505722301744384,0.28238621000057507,-0.10950164740457397,0.5365048050548483,-1.606468714925017,0.10485810329268234
0.5686892275905293,0.24707969574082936,-0.671775771111641,-0.7871237664582965,-0.0031972359374051345,1.1133014327512767,-0.737431329717267,0.386627643425523
-0.24300073819892015,-0.627040145766519,-0.5745408328532594,-1.1760364851706135,-0.6941759104740017,0.6974713058073398,-1.171950022321142,2.0772448842225746
0.2981259056607126,1.1211995372481778,-0.7690107093700227,0.3796143896786544,1.431912318869373,0.8718516816225392,-0.9889947833300368,0.386627643425523
0.02756258373089622,1.7039460982530765,-0.7923470945520343,-0.7871237664582965,0.4220204099312698,0.8718516816225392,-0.46299847123060905,0.10485810329268234
1.1774567019326163,1.7039460982530765,0.8645362533707891,-0.9815801258144551,1.7862603570932682,1.4486483093189675,-1.309166451564471,0.9501667236912069
-0.10771907723401215,1.4125728177506276,-0.5356468575499067,1.6435807254936843,1.1661512902014513,0.18774405342444972,1.0006434406982332,0.10485810329268234
-0.10771907723401215,1.1211995372481778,-0.73011673406667,-0.8843519461363759,1.0066946730006976,0.013363677609250627,-0.6459537102217142,-0.17691143684016084
0.7716117190378916,1.1211995372481778,-0.7340061315970053,-0.8843519461363759,1.5736515341589314,1.6900980604477045,-1.034733593077813,0.10485810329268234
0.9068933800028,0.5384529762432787,-0.6795545661723115,-0.5926674071021382,0.17397678317454293,0.13408855317361937,-0.5316066858522736,0.6683971835583662
0.02756258373089622,-0.627040145766519,-0.1700434896983917,0.7685271083909715,-0.8004803219411706,1.971789436764565,-1.3549052613122474,2.0772448842225746
1.3127383628975247,1.7039460982530765,-0.7456743241880112,-1.0788083054925344,1.431912318869373,0.764540681120878,-1.0804724028255892,0.10485810329268234
1.448020023862433,1.4125728177506276,-0.846798659976728,-0.009298329033662681,1.4141949169581778,0.4694354297413102,-0.1199573981222866,0.386627643425523
0.5686892275905293,0.24707969574082936,-0.8195728772643812,-1.1760364851706135,0.032237567884984476,-0.28174157377031744,-0.9432559735822603,0.9501667236912069
2.124428328686974,0.24707969574082936,0.8411998681887778,-0.9815801258144551,0.049954969796179284,-0.10736119795511812,-1.2405582369428065,-0.17691143684016084
-0.6488457210936451,0.5384529762432787,-0.8429092624463929,-0.8843519461363759,0.06767237170737408,-0.40246644933468595,-1.4463828808077999,1.5137058039568907
-0.9870498735059157,0.5384529762432787,-0.45008011188253083,-1.1760364851706135,-0.21580605887174278,-0.7780549510904997,-1.5378605003033525,0.386627643425523
-0.24300073819892015,0.5384529762432787,-0.5006422797768894,-0.7871237664582965,-0.02091463784859994,-0.3085693238957326,-0.3943902566089445,-0.7404505171058422
-0.10771907723401215,1.1211995372481778,-0.6678863735813059,-0.7871237664582965,0.9003902615335287,0.49626317986672536,-0.5544760907261616,0.10485810329268234
-1.122331534470824,0.5384529762432787,-0.6328817958082884,-0.5926674071021382,0.24484639081932175,-0.40246644933468595,-0.8517783540867078,1.5137058039568907
0.2981259056607126,1.9953193787555261,-0.7106697464149937,-1.0788083054925344,1.6799559456261002,2.1327559375170564,-0.07421858837451024,0.386627643425523
-0.10771907723401215,0.5384529762432787,-0.8506880575070633,-0.009298329033662681,-0.09178424549337916,0.5901603053056786,-0.8289089492128195,0.386627643425523
0.7039708885554373,0.5384529762432787,-0.8351304673857222,-1.0788083054925344,0.457455213753659,-0.25491382364490206,-0.8060395443389314,0.6683971835583662
-0.37828239916382855,0.5384529762432787,-0.73011673406667,-1.2732646648486927,0.7763684481551655,0.49626317986672536,-0.8060395443389314,0.386627643425523
0.02756258373089622,1.9953193787555261,-0.8584668525677338,-1.1760364851706135,1.7331081513596842,1.0059904322496156,-0.34865144686116817,0.386627643425523
-0.37828239916382855,1.7039460982530765,-0.48508468965554824,-0.20375468838982108,0.5106074194872439,0.6304019304938017,-0.34865144686116817,0.10485810329268234
0.02756258373089622,0.5384529762432787,0.2927948164115051,-0.5926674071021382,0.01452016597378967,-0.3085693238957326,-0.8289089492128195,0.10485810329268234
0.1628442446958046,0.5384529762432787,0.3083524065328461,0.8657552880690508,0.8295206538887503,0.34871055417694147,-0.5773454956000497,-0.17691143684016084
-0.24300073819892015,0.5384529762432787,-0.6951121562936526,-0.20375468838982108,-0.03863203975979475,-0.25491382364490206,-0.9661253784561485,0.6683971835583662
-0.10771907723401215,-0.044293584761620375,-0.8195728772643812,-0.5926674071021382,0.049954969796179284,-0.1610166982059487,-0.4401290663567209,0.6683971835583662
-0.24300073819892015,-0.044293584761620375,-0.6639969760509705,-1.1760364851706135,-0.1626538531381584,-0.06711957276699512,-0.6459537102217142,1.2319362638240476
-0.5135640601287369,-0.044293584761620375,-0.6834439637026468,-0.9815801258144551,-0.35754527416130083,-0.2146721984567793,-0.8517783540867078,1.2319362638240476
1.1774567019326163,1.4125728177506276,-0.3528451736241492,-1.0788083054925344,1.325607907402204,3.071727191906591,-0.3029126371133918,0.6683971835583662
0.43340756662562097,-0.044293584761620375,-0.7417849266576758,-0.3009828680679004,1.839412562826853,2.0925143123289334,1.686725586914878,0.386627643425523
0.6363300580729832,1.9953193787555261,-0.7573425167790169,-0.7871237664582965,1.1838686921126456,0.44260767961589503,0.10873665061659495,-0.17691143684016084
0.1628442446958046,1.7039460982530765,-0.846798659976728,-0.6898955867802173,1.4673471226917625,0.5901603053056786,-0.7831701394650432,-0.45868097697300153
0.2981259056607126,0.8298262567457281,0.4561495126855862,-0.7871237664582965,0.9181076634447239,0.8181961813717084,0.3145612944815883,0.10485810329268234
-0.37828239916382855,0.5384529762432787,-0.7767895044306932,0.18515803032249598,0.032237567884984476,0.02677755267195821,-1.034733593077813,0.9501667236912069
0.1628442446958046,0.8298262567457281,-0.14281770698604485,-0.7871237664582965,0.8295206538887503,-0.2146721984567793,-0.8975171638344841,0.10485810329268234
0.7716117190378916,1.4125728177506276,-0.7028909513543232,1.1574398271032882,0.7940858500663607,1.569373184883336,-0.8975171638344841,0.10485810329268234
0.2981259056607126,1.9953193787555261,-0.8506880575070633,1.1574398271032882,1.945716974294022,0.8718516816225392,-0.37152085173505633,0.9501667236912069
0.1628442446958046,1.9953193787555261,-0.7106697464149937,-0.20375468838982108,1.9811517781164114,0.684057430744632,-0.37152085173505633,1.5137058039568907
-0.37828239916382855,-0.627040145766519,-0.6056560130959415,-0.7871237664582965,-1.1016761544314824,0.30846892898881845,-0.8289089492128195,0.9501667236912069
-0.6488457210936451,-0.627040145766519,-0.3956285464578371,-0.4954392274240588,-1.4028719869217936,-0.4427080745228089,-0.46299847123060905,-0.45868097697300153
-0.5135640601287369,-1.5011599872738677,-0.11948132180403319,-0.3009828680679004,-2.058415857636001,1.1535430579393993,-1.2176888320689183,1.2319362638240476
0.02756258373089622,1.4125728177506276,-0.772900106900358,-0.10652650871174174,1.095281682556672,0.2548134287379879,-1.4235134759339116,2.640783964488256
0.7716117190378916,1.4125728177506276,-0.7417849266576758,0.47684256935673375,1.042129476823087,0.16091630329903453,-0.5316066858522736,0.6683971835583662
-0.581204890611191,-0.3356668652640697,2.680884900037359,-0.009298329033662681,-0.39298007798369045,-1.2072989530971439,0.7033411773376874,-2.7128372980357347
-0.7164865515760993,0.24707969574082936,0.5222692707012858,0.9629834677471302,-0.1803712550493532,-0.1476028231432411,3.196106308591497,-1.5857591375043691
-0.04007824675155797,-0.9184134262689688,1.4323882927997382,2.5186343425963975,-0.6410237047404177,-1.1804712029717288,2.1898524941404176,-1.0222200572386855
0.02756258373089622,0.5384529762432787,-0.3022830057297907,3.2964597800210322,-0.6587411066516126,-0.8585382014667455,-0.16569620787006298,-1.303989597371526
-0.04007824675155797,-0.044293584761620375,2.2997239420645026,1.1574398271032882,-0.1626538531381584,-1.3816793289123432,0.7719493919593514,0.10485810329268234
-0.581204890611191,-0.3356668652640697,0.9423242039774945,1.2546680067813676,-0.942219537230729,-0.7512272009650844,0.17734486523825949,0.6683971835583662
-0.3106415686813744,-0.044293584761620375,0.5728314385956441,0.3796143896786544,-0.44613228371727487,-0.1610166982059487,-0.028479778626733888,-1.303989597371526
-0.4459232296462827,-0.044293584761620375,1.272922994055992,1.4491243661375262,0.4751726156648542,-0.6841578256515463,4.911311674133109,-0.17691143684016084
-0.10771907723401215,-0.044293584761620375,2.004129729759022,0.9629834677471302,-0.3043930684277164,-0.12077507301782571,1.9611584454015358,0.10485810329268234
-0.581204890611191,0.5384529762432787,1.8174386483029294,-0.20375468838982108,-0.25124086269413204,0.21457180354986513,0.24595307985992404,0.386627643425523
-0.7841273820585533,0.5384529762432787,0.8256422780674365,0.28238621000057507,-0.8004803219411706,1.569373184883336,0.7033411773376874,1.2319362638240476
-0.10771907723401215,-0.044293584761620375,0.06332036212172432,0.18515803032249598,1.042129476823087,-0.6036745752753004,2.1898524941404176,-0.17691143684016084
0.02756258373089622,0.24707969574082936,-0.16226469463772117,0.8657552880690508,1.609086337981321,-0.697571700714254,0.36030010422936465,0.6683971835583662
-0.6488457210936451,-0.044293584761620375,-0.5123104723678951,-0.6898955867802173,0.4397378118424646,-0.8987798266548686,-0.16569620787006298,-0.7404505171058422
-0.24300073819892015,0.24707969574082936,-0.45785890694320136,-0.8843519461363759,0.7586510462439711,0.3352966791142339,-0.005610373752845706,-1.303989597371526
0.5686892275905293,1.4125728177506276,0.7828589052337488,-0.6898955867802173,0.1031071755297637,0.13408855317361937,1.1607292748154505,-1.303989597371526
-0.10771907723401215,0.24707969574082936,-0.14281770698604485,0.6712989287128921,0.9358250653559184,0.2682273038006957,-0.2800432322395036,-0.17691143684016084
-0.10771907723401215,-1.209786706771418,0.4055873447912278,0.28238621000057507,-0.2866756665165216,-0.6305023254007158,0.5889941529682465,-1.0222200572386855
-0.10771907723401215,-0.044293584761620375,-0.6095454106262768,2.1297216238840813,1.6976733475372945,3.071727191906591,0.38316950910325287,-1.0222200572386855
0.02756258373089622,-0.044293584761620375,-0.7495637217183464,-0.7871237664582965,-0.5878714990068333,-0.4963635747736395,0.10873665061659495,0.10485810329268234
0.02756258373089622,0.8298262567457281,-0.18949047735006802,-0.3009828680679004,-0.03863203975979475,-1.28778220347339,1.2750762991848914,-1.303989597371526
0.1628442446958046,0.5967276323437687,-0.28672541560844966,-0.3982110477459795,-0.853632527674755,-1.2207128281598518,1.3665539186804436,-1.0222200572386855
-0.04007824675155797,0.24707969574082936,-0.7612319143093522,-0.5926674071021382,0.5460422233096335,0.6438158055565095,1.6181173722932136,-0.45868097697300153
-0.10771907723401215,0.24707969574082936,-0.7690107093700227,-1.0788083054925344,1.27245570166862,-0.02687794757887237,-0.051349183500622064,0.386627643425523
-0.581204890611191,-0.044293584761620375,0.2500114435778171,-0.4954392274240588,0.9889772710895032,0.4694354297413102,3.28758392808705,0.6683971835583662
-0.37828239916382855,0.24707969574082936,-0.6678863735813059,-0.7871237664582965,-0.7118933123851966,-0.1476028231432411,1.8239420161582072,-0.45868097697300153
-0.7841273820585533,-0.044293584761620375,-0.8662456476284044,-0.8843519461363759,0.6169118309544127,-0.33539707402114777,-0.07421858837451024,-0.17691143684016084
0.02756258373089622,2.286692659257976,-0.33339818597247284,2.032493444206002,1.325607907402204,0.29505505392611087,0.5889941529682465,0.6683971835583662
-0.4459232296462827,0.24707969574082936,-0.4695270995342072,-0.3009828680679004,1.6976733475372945,-0.7646410760277922,0.4746471285988056,-1.303989597371526
-0.10771907723401215,-0.044293584761620375,-0.5784302303835946,0.08792985064441665,0.17397678317454293,-0.45612194958551655,0.3145612944815883,-1.303989597371526
-0.7164865515760993,0.24707969574082936,-0.6212136032172826,-0.5926674071021382,-0.10950164740457397,-1.1402295777836058,0.10873665061659495,-1.0222200572386855
0.23048507517825842,0.24707969574082936,-0.46563770200387194,-0.6898955867802173,0.08538977361856889,0.5901603053056786,0.520385938346582,-1.303989597371526
-0.10771907723401215,0.24707969574082936,-0.14281770698604485,0.3796143896786544,0.7232162424215814,-1.4755764543512966,0.7490799870854632,-1.86752867763721
-0.10771907723401215,-0.044293584761620375,-0.39173914892750183,-0.5926674071021382,-0.2866756665165216,-0.7646410760277922,2.0068972551493123,-1.5857591375043691
-0.10771907723401215,-0.044293584761620375,1.2962593792380037,-0.009298329033662681,-0.26895826460532685,1.3815789340054294,1.7095949917887663,0.9501667236912069
-0.5135640601287369,0.24707969574082936,2.6147651420216587,1.9352652645279225,0.634629232865607,-0.45612194958551655,2.487154757500963,-1.0222200572386855
-0.04007824675155797,0.24707969574082936,0.016647591757701138,-0.3982110477459795,-0.4815670875396645,-0.697571700714254,1.0006434406982332,-1.0222200572386855
-0.7841273820585533,1.1211995372481778,-0.34895577609381384,-0.3982110477459795,-0.5170018913620541,-0.013464072516164783,-0.18856561274395114,-1.86752867763721
0.23048507517825842,2.286692659257976,-0.8429092624463929,-0.8843519461363759,0.9889772710895032,0.5901603053056786,0.520385938346582,-0.45868097697300153
-0.24300073819892015,0.24707969574082936,0.05165216953071848,-0.5926674071021382,0.5460422233096335,-1.4755764543512966,1.2750762991848914,-0.7404505171058422
-0.7841273820585533,-0.627040145766519,-0.5862090254442652,1.4491243661375262,-0.6941759104740017,-1.0195047022192372,-0.051349183500622064,-2.431067757902894
1.5833016848273416,0.5384529762432787,0.028315784348706966,0.18515803032249598,-0.4638496856284697,0.040191427734665795,0.3145612944815883,-1.86752867763721
-0.4459232296462827,0.8298262567457281,-0.6406605908689589,-1.759405563239089,0.4397378118424646,0.2548134287379879,0.40603891397714104,0.10485810329268234
-0.5135640601287369,0.8298262567457281,-0.7767895044306932,-0.10652650871174174,0.15625938126334812,-1.0463324523446524,0.520385938346582,-1.86752867763721
-0.7164865515760993,0.8298262567457281,-0.2361632477140912,-0.3009828680679004,1.609086337981321,-0.3622248241465632,0.13160605549048313,-1.0222200572386855
-0.10771907723401215,-0.044293584761620375,2.7897880308867458,-0.6898955867802173,0.8826728596223343,-0.5902607002125928,1.66385618204099,-0.7404505171058422
-0.24300073819892015,-0.044293584761620375,-0.8351304673857222,-0.5926674071021382,0.24484639081932175,-0.8048827012159151,-0.028479778626733888,-0.17691143684016084
0.7716117190378916,1.1211995372481778,-0.39951794398817236,-0.3009828680679004,0.4397378118424646,1.3949928090681367,2.0526360648970887,-0.45868097697300153
-0.10771907723401215,-0.044293584761620375,-0.7067803488846585,-0.3009828680679004,-1.2256979678098454,-1.2072989530971439,0.5661247480943583,-1.303989597371526
-0.04007824675155797,0.5384529762432787,-0.48508468965554824,-0.20375468838982108,-0.5170018913620541,-1.1536434528463135,0.4746471285988056,-1.0222200572386855
-0.37828239916382855,-0.3356668652640697,-0.671775771111641,0.08792985064441665,-0.339827872250106,-1.4755764543512966,1.3894233235543318,-1.303989597371526
-0.7164865515760993,0.24707969574082936,2.435852855626237,-1.0788083054925344,0.7940858500663607,-1.1268157027208983,1.2750762991848914,-1.86752867763721
-0.7841273820585533,-0.627040145766519,-0.3022830057297907,-0.5926674071021382,-1.2965675754546246,-1.3280238286615127,-0.6688231150956024,-1.0222200572386855
-0.7841273820585533,1.1211995372481778,0.3277993941845225,-0.20375468838982108,-0.5170018913620541,-0.2146721984567793,-0.3943902566089445,-1.86752867763721
-0.3106415686813744,0.24707969574082936,-0.7417849266576758,-0.5926674071021382,0.8826728596223343,-1.3280238286615127,0.29169188960770037,-0.17691143684016084
-0.7841273820585533,0.24707969574082936,-0.8390198649160575,-0.9815801258144551,-0.10950164740457397,-1.3011960785360974,-0.051349183500622064,1.7954753440897315
-0.10771907723401215,1.1211995372481778,1.883558406318629,1.7408089051717637,0.8118032519775551,1.9583755617018572,0.40603891397714104,-1.86752867763721
-0.7164865515760993,0.5384529762432787,-0.6873333612329822,-0.9815801258144551,0.7763684481551655,-1.5560597047275426,-0.37152085173505633,0.10485810329268234
-0.10771907723401215,0.24707969574082936,0.7322967373393902,-0.3009828680679004,0.049954969796179284,-0.25491382364490206,0.7948187968332396,0.10485810329268234
-0.24300073819892015,-0.627040145766519,2.264719364291485,0.7685271083909715,0.3334334003752958,-1.3950932039750508,2.0983748746448647,0.10485810329268234
-0.7841273820585533,-0.9184134262689688,2.26082996676115,0.3796143896786544,-0.6587411066516126,-1.2341267032225594,2.578632376996516,-0.45868097697300153
-0.5135640601287369,-0.9184134262689688,-0.16226469463772117,0.8657552880690508,-1.3320023792770144,-0.9390214518429914,-0.32578204198728,-1.0222200572386855
-0.7164865515760993,-0.627040145766519,0.4405919225642451,1.5463525458156056,-1.3674371830994039,-0.5902607002125928,-0.4172596614828327,-1.303989597371526
-0.10771907723401215,-0.044293584761620375,-0.45785890694320136,0.5740707490348128,-0.765045518118781,-0.18784444833136388,-0.4401290663567209,-0.45868097697300153
-0.37828239916382855,0.24707969574082936,-0.3100618007904612,0.3796143896786544,-1.6509156136785206,0.7779545561835859,-0.8517783540867078,2.3590144243554154
-0.10771907723401215,0.5384529762432787,-0.714559143945329,0.47684256935673375,-0.2335234607829372,-0.6036745752753004,-0.3943902566089445,-0.17691143684016084
-0.7841273820585533,-0.044293584761620375,-0.08836614156135103,-0.10652650871174174,0.13854197935215332,-1.1576676153651257,1.3894233235543318,-2.431067757902894
-0.6488457210936451,0.24707969574082936,-0.6289923982779532,-0.6898955867802173,0.29799859655290617,-5.019745345695936e-05,0.8862964163287923,-0.45868097697300153
-0.7841273820585533,-0.044293584761620375,-0.7923470945520343,-0.5926674071021382,1.4141949169581778,-0.7646410760277922,0.7490799870854632,-1.303989597371526
-0.3106415686813744,-0.3356668652640697,-0.8973608278710865,-0.4954392274240588,1.0244120749118928,-0.24149994858219445,-0.1199573981222866,-0.45868097697300153
-0.10771907723401215,-0.3356668652640697,-0.7573425167790169,-0.6898955867802173,1.2901731035798145,0.0804330529227888,-0.005610373752845706,-0.7404505171058422
-0.7841273820585533,-0.044293584761620375,-0.7184485414756642,-0.5926674071021382,0.9535424672671136,0.8852655566852465,1.229337489437115,-1.303989597371526
-0.4459232296462827,0.24707969574082936,0.2461220460474818,-0.4954392274240588,1.095281682556672,0.3352966791142339,0.24595307985992404,-0.45868097697300153
0.02756258373089622,-0.044293584761620375,-0.40729673904884295,0.8657552880690508,1.325607907402204,0.4157799294904796,2.0755054697709765,-0.45868097697300153
-0.7841273820585533,-0.3356668652640697,0.160555300380106,0.28238621000057507,1.485064524602957,-0.3488109490838556,0.2688224847338122,-1.5857591375043691
-0.581204890611191,-0.044293584761620375,0.1644446979104413,0.8657552880690508,0.8472380557999447,0.32188280405152603,2.0068972551493123,-1.303989597371526
-0.37828239916382855,0.24707969574082936,-0.7573425167790169,-0.8843519461363759,0.3334334003752958,2.401033438771209,0.4746471285988056,-0.7404505171058422
-0.04007824675155797,0.24707969574082936,-0.6367711933386236,-0.3982110477459795,1.609086337981321,1.4084066841308445,-0.005610373752845706,2.0772448842225746
-0.4459232296462827,0.24707969574082936,-0.7651213118396875,-0.4954392274240588,-0.09178424549337916,-0.952435326905699,0.49751653347269376,-1.86752867763721
-0.3106415686813744,-0.044293584761620375,-0.8584668525677338,-0.8843519461363759,1.1661512902014513,-0.02687794757887237,0.3374306993554765,-1.0222200572386855
0.7716117190378916,0.24707969574082936,-0.6990015538239879,1.060211647425209,1.9102821704716322,1.5827870599460439,0.49751653347269376,0.6683971835583662
0.23048507517825842,-0.044293584761620375,-0.7340061315970053,0.18515803032249598,-0.198088656960548,0.5096770549294332,0.7262105822115755,0.10485810329268234
-0.7841273820585533,-0.044293584761620375,0.43281312750357476,0.5740707490348128,0.5106074194872439,-1.0731602024700675,0.4517777237249174,-1.0222200572386855
-0.7841273820585533,-0.3356668652640697,-0.8195728772643812,0.18515803032249598,-0.623306302829223,-0.20125832339407146,0.36030010422936465,-0.7404505171058422
-0.10771907723401215,-0.044293584761620375,-0.7456743241880112,0.08792985064441665,0.3688682041976854,0.48284930480401755,-0.16569620787006298,0.386627643425523
-0.6488457210936451,0.24707969574082936,-0.5900984229746005,0.8657552880690508,0.8826728596223343,-0.42929419946010133,0.3145612944815883,-0.17691143684016084
-0.10771907723401215,-0.044293584761620375,-0.5356468575499067,-0.4954392274240588,1.095281682556672,1.0328181823750306,-0.3029126371133918,0.6683971835583662
-0.7841273820585533,-0.044293584761620375,-0.42674372670051924,0.6712989287128921,0.5991944290432174,-0.42929419946010133,0.49751653347269376,-0.7404505171058422
-0.37828239916382855,-0.044293584761620375,-0.7340061315970053,-0.3982110477459795,0.7586510462439711,-0.18784444833136388,0.5661247480943583,-0.7404505171058422
-0.4459232296462827,0.24707969574082936,-0.7923470945520343,-0.7871237664582965,0.29799859655290617,0.44260767961589503,-0.34865144686116817,-0.7404505171058422
-0.24300073819892015,-0.044293584761620375,-0.7845682994913639,-1.0788083054925344,0.6877814385991918,-0.17443057326865627,0.10873665061659495,0.10485810329268234
-0.17535990771646634,0.24707969574082936,-0.7767895044306932,0.6712989287128921,0.3688682041976854,0.2682273038006957,0.29169188960770037,-0.17691143684016084
0.23048507517825842,2.286692659257976,-0.5512044476712478,0.8657552880690508,-0.09178424549337916,-0.3219831989584402,-0.5544760907261616,-0.45868097697300153
-0.10771907723401215,-0.627040145766519,-0.9129184179924276,-0.5926674071021382,1.7685429551820737,1.126715307813984,2.418546542879299,-0.7404505171058422
0.02756258373089622,-0.9184134262689688,-0.8156834797340459,1.351896186459447,1.485064524602957,1.274267933503768,0.7033411773376874,-0.17691143684016084
-0.17535990771646634,-0.627040145766519,-0.496752882246554,1.1574398271032882,1.431912318869373,2.722966440276193,0.7719493919593514,-0.7404505171058422
-0.10771907723401215,-0.3356668652640697,-0.7223379390059995,-0.6898955867802173,0.15625938126334812,-0.22808607351948687,0.38316950910325287,-0.45868097697300153
-0.10771907723401215,-0.627040145766519,-0.31784059585113184,-0.20375468838982108,1.8748473666492427,-0.9256075767802837,2.0068972551493123,-1.303989597371526
-0.7841273820585533,-0.9184134262689688,-0.7028909513543232,-0.3982110477459795,1.892564768560437,-0.05370569770428754,1.2522068943110032,-1.0222200572386855
-0.581204890611191,-0.9184134262689688,-0.5356468575499067,0.3796143896786544,0.7232162424215814,0.6706435556819247,0.2688224847338122,0.10485810329268234
-0.581204890611191,-0.627040145766519,-0.7534531192486816,0.3796143896786544,1.9279995723828267,0.8852655566852465,0.20021427011214765,0.6683971835583662
0.1628442446958046,-0.627040145766519,-0.6990015538239879,-0.20375468838982108,0.7763684481551655,1.7437535606985353,-0.5087372809783854,1.5137058039568907
-0.7841273820585533,-0.9184134262689688,-0.7690107093700227,0.08792985064441665,1.2370208978462305,0.13408855317361937,-0.028479778626733888,0.386627643425523
0.02756258373089622,0.8298262567457281,-0.08058734650068053,0.9629834677471302,0.24484639081932175,-0.3219831989584402,-0.2343044224917275,-1.303989597371526
-0.7164865515760993,-1.209786706771418,-0.6795545661723115,-0.4954392274240588,-1.7926548289680788,-1.0731602024700675,-0.9432559735822603,2.640783964488256
-0.37828239916382855,-1.209786706771418,-0.7184485414756642,0.7685271083909715,-1.4737415945665726,0.36212442923964905,-0.8289089492128195,0.386627643425523
-0.4459232296462827,-0.9184134262689688,-0.7184485414756642,-0.009298329033662681,-1.3674371830994039,-0.9926769520938219,-0.4401290663567209,0.9501667236912069
-0.10771907723401215,-0.627040145766519,-0.7067803488846585,0.3796143896786544,-1.0839587525202874,0.4694354297413102,-0.5773454956000497,0.386627643425523
-0.7841273820585533,-1.5011599872738677,-0.496752882246554,-0.009298329033662681,-2.0761332595471953,-0.6707439505888387,-0.9203865687083722,1.7954753440897315
-0.581204890611191,-2.3752798287812165,-0.7184485414756642,-1.2732646648486927,-2.696242326439013,-0.6841578256515463,-1.4235134759339116,2.640783964488256
-0.5135640601287369,-1.5011599872738677,-0.7223379390059995,-1.3704928445267721,-2.855698943639766,-0.6036745752753004,-1.3549052613122474,2.3590144243554154
1.2450975324150706,-2.6200333844032735,2.914248751857475,2.7130907019525563,-1.4205893888329884,0.6974713058073398,0.4517777237249174,-0.17691143684016084
-0.7841273820585533,-2.6375157812334207,1.9807933445770107,1.5463525458156056,-1.863524436612858,-0.10736119795511812,0.4517777237249174,-0.17691143684016084
-2.136943991707636,-2.622947117208298,2.097475270487069,1.4491243661375262,-1.5091763983889621,0.29505505392611087,0.4517777237249174,-0.17691143684016084
-2.136943991707636,-2.6142059187932247,-0.0027993958939751947,2.5186343425963975,-2.0938506614583905,-0.5097774498363471,0.4517777237249174,-0.45868097697300153
3.2743224468886947,-2.622947117208298,2.9920367024641803,3.3936879596991116,-2.7493945321725977,2.9778300664676376,0.4517777237249174,-0.7404505171058422
-0.7841273820585533,-2.6083784531831755,-0.5862090254442652,0.28238621000057507,-0.9776543410531187,0.29505505392611087,0.4517777237249174,-0.45868097697300153
-2.136943991707636,-2.6171196515982493,-0.6251030007476178,0.9629834677471302,-1.5091763983889621,-0.10736119795511812,0.4517777237249174,0.9501667236912069
-0.7841273820585533,-2.6171196515982493,-0.43063312423085454,1.838037084849843,-2.3950464939487017,0.4291938045531872,0.4517777237249174,-0.45868097697300153
-2.136943991707636,-2.634602048428396,-0.6251030007476178,2.7130907019525563,-2.3950464939487017,-0.10736119795511812,0.4517777237249174,-0.7404505171058422
-0.7841273820585533,-2.6404295140384453,2.097475270487069,2.324177983240239,-0.44613228371727487,0.6974713058073398,0.4517777237249174,-1.303989597371526
-2.136943991707636,-2.654998178063568,2.3697330976105375,-0.10652650871174174,-0.09178424549337916,-1.1804712029717288,0.4517777237249174,-1.5857591375043691
-2.136943991707636,-2.654998178063568,0.5028222830496094,2.1297216238840813,0.26256379273051655,-1.0463324523446524,0.4517777237249174,-0.17691143684016084
-2.136943991707636,-2.6258608500133227,2.097475270487069,0.9629834677471302,-2.0938506614583905,-0.10736119795511812,0.4517777237249174,0.10485810329268234
-0.10771907723401215,-2.6316883156233715,-0.6251030007476178,0.9629834677471302,-2.926568551284545,0.4291938045531872,0.4517777237249174,1.2319362638240476
-2.136943991707636,-2.666653109283666,-0.08058734650068053,1.5463525458156056,1.148433888290256,-1.4487487042258813,0.4517777237249174,0.6683971835583662
-0.10771907723401215,-2.6142059187932247,0.7361861348697255,1.5463525458156056,-1.3320023792770144,0.16091630329903453,0.4517777237249174,0.6683971835583662
0.5686892275905293,-2.6112921859882,-0.11948132180403319,1.6435807254936843,-0.44613228371727487,0.5633325551802635,0.4517777237249174,1.2319362638240476
-2.136943991707636,-2.6287745828183473,-0.43063312423085454,1.1574398271032882,-1.863524436612858,-0.5097774498363471,0.4517777237249174,-0.17691143684016084
-2.136943991707636,-2.6404295140384453,-0.2361632477140912,2.4214061629183186,-1.3320023792770144,-0.6439162004634235,0.4517777237249174,-0.45868097697300153
-2.136943991707636,-2.6316883156233715,-0.43063312423085454,1.1574398271032882,-0.44613228371727487,-0.3756386992092708,0.4517777237249174,1.7954753440897315
-0.7841273820585533,-2.6142059187932247,-0.43063312423085454,1.060211647425209,-0.623306302829223,0.4291938045531872,0.4517777237249174,0.10485810329268234
-1.4605356868830945,-2.6287745828183473,-0.4695270995342072,1.6435807254936843,-2.3950464939487017,0.16091630329903453,0.4517777237249174,0.10485810329268234
0.5686892275905293,-2.64334324684347,-0.6251030007476178,2.8103188816306357,-0.26895826460532685,0.9657488070614925,0.4517777237249174,2.3590144243554154
-2.136943991707636,-2.666653109283666,-0.04169337119732786,2.8103188816306357,-2.625372718794234,-0.10736119795511812,0.4517777237249174,2.0772448842225746
1.3127383628975247,-1.5011599872738677,2.28183271342496,-1.0788083054925344,-1.7572200251456893,1.1441533453955037,2.9674122598526154,-1.303989597371526
-0.9870498735059157,-0.3356668652640697,-0.5278680624892362,-0.5926674071021382,-0.1803712550493532,-0.2294274610257576,-1.3320358564383592,-1.303989597371526
3.8154490907483276,-1.209786706771418,1.3277634992337195,-0.5926674071021382,-1.4028719869217936,-0.6157470628317373,0.24595307985992404,-1.303989597371526
2.5302733115816984,-0.044293584761620375,3.085382243192227,1.1574398271032882,-0.05634944167098955,0.7940512062588346,3.218975713465385,-0.17691143684016084
-0.7841273820585533,-1.5011599872738677,2.6579374546083807,0.28238621000057507,-1.7572200251456893,-0.4105147743723106,0.6118635578421346,2.3590144243554154
-1.2576131954357324,-1.209786706771418,1.7419843362144254,2.907547061308715,-1.4028719869217936,0.8959966567354128,1.9154196356537594,-1.86752867763721
-1.05469070398837,0.24707969574082936,-0.7172817222165637,-0.20375468838982108,0.29799859655290617,-0.008098522491081606,-0.09708799324839842,1.7954753440897315
-0.9194090430234617,-0.3356668652640697,0.5417162583529621,0.47684256935673375,-0.42841488180608006,-0.19857554838153,0.06299784086881859,2.3590144243554154
-1.2576131954357324,-0.627040145766519,1.5479033994506957,0.6712989287128921,-0.6587411066516126,1.0985461701822978,1.4809009430498845,1.2319362638240476
-0.9870498735059157,-0.9184134262689688,2.559924636843932,1.1574398271032882,-1.0308065467867031,0.9966007197057202,2.5328935672487396,-1.0222200572386855
-1.4605356868830945,-0.044293584761620375,-0.4944192437283529,-0.5926674071021382,-0.05634944167098955,0.084457215441601,2.2813301136359705,0.386627643425523
-1.3928948564006407,-0.3356668652640697,2.0745278250580905,-0.7871237664582965,-0.42841488180608006,0.23737539115646808,1.0006434406982332,0.9501667236912069
-1.189972364953278,-0.044293584761620375,3.3420824801943545,0.18515803032249598,-0.05634944167098955,1.860454273744092,3.2647145232131614,-0.17691143684016084
-0.9870498735059157,1.4125728177506276,-0.2812802590659803,-0.4954392274240588,1.945716974294022,0.012022290102979892,1.0006434406982332,-0.17691143684016084
0.43340756662562097,0.24707969574082936,-0.6589407592615346,-0.6898955867802173,0.29799859655290617,-0.48697386222974415,0.7033411773376874,-0.17691143684016084
-1.05469070398837,0.5384529762432787,1.4950075930381361,-0.3009828680679004,0.8472380557999447,0.9670901945677635,1.7324643966626545,1.2319362638240476
-1.3928948564006407,-1.5011599872738677,1.4304435940345706,-0.4954392274240588,-1.7572200251456893,0.45736294218487333,1.8696808259059836,-0.17691143684016084
-1.4605356868830945,0.5384529762432787,-0.19999185068197323,0.47684256935673375,0.7940858500663607,0.6008914053558451,0.5889941529682465,1.5137058039568907
-0.9194090430234617,1.4125728177506276,-0.04713852773979726,-0.10652650871174174,1.9811517781164114,-0.3112520989082741,0.24595307985992404,0.386627643425523
-1.3252540259181864,0.5384529762432787,2.333172760825386,-0.3982110477459795,0.6700640366879966,-0.3018623863643787,3.0588898793481683,0.386627643425523
-1.4605356868830945,1.4125728177506276,-0.8355194071387557,-0.6898955867802173,1.9811517781164114,0.4211454795155625,0.1544754603643713,0.386627643425523
-1.3252540259181864,-0.044293584761620375,0.12827330087832334,-0.3982110477459795,-0.07406684358218435,-1.2850994284608481,0.7490799870854632,0.9501667236912069
-0.9870498735059157,1.4125728177506276,0.026371085583539306,0.5740707490348128,1.7685429551820737,-1.071818814963797,2.921673450104839,-0.45868097697300153
-1.122331534470824,-0.044293584761620375,0.7062377738861437,-0.009298329033662681,0.06767237170737408,-0.23881717356965299,0.5661247480943583,0.386627643425523
-0.581204890611191,-0.3356668652640697,0.015091832745567064,-0.3982110477459795,-0.1803712550493532,-1.0154805397004247,0.7033411773376874,0.10485810329268234
-1.4605356868830945,1.4125728177506276,-0.6725536506177081,-0.7871237664582965,1.998869180027606,-0.771348013559146,-0.2343044224917275,0.9501667236912069
0.02756258373089622,1.4125728177506276,0.7144055086998479,-0.5926674071021382,1.9811517781164114,0.06299501534126876,0.6347329627160229,0.9501667236912069
-1.4605356868830945,0.24707969574082936,-0.8040152871430402,-0.3982110477459795,0.5460422233096335,-0.5594087875683652,-0.1199573981222866,0.9501667236912069
0.3657667361431668,-0.3356668652640697,-0.7713443478882238,-0.3009828680679004,-0.3043930684277164,1.5130349096199638,-0.6230843053478261,0.386627643425523
-1.3928948564006407,0.5384529762432787,-0.3769594383122279,-0.6898955867802173,0.7940858500663607,-0.2294274610257576,0.6804717724637992,1.5137058039568907
0.9068933800028,0.24707969574082936,-0.44969117212949733,-0.4954392274240588,0.4220204099312698,-0.5178257748739717,1.686725586914878,-0.45868097697300153
0.0952034142133504,-0.044293584761620375,-0.014078648731947434,-0.009298329033662681,0.06767237170737408,-1.4353348291631738,0.40603891397714104,1.5137058039568907
-1.4605356868830945,1.4125728177506276,-0.6367711933386236,-0.4954392274240588,1.892564768560437,-0.5540432375432823,0.3145612944815883,0.6683971835583662
4.3565757346079605,-1.209786706771418,1.6459162172151443,0.5740707490348128,-1.526893800300157,-0.5285568749241378,0.5432553432204701,1.7954753440897315
2.0567874982045202,0.24707969574082936,-0.1381504299496425,0.28238621000057507,0.4220204099312698,-0.5795296001624267,1.0463822504460096,0.386627643425523
-0.7841273820585533,-1.5011599872738677,-0.6795545661723115,0.28238621000057507,-1.774937427056884,-0.8853659515921608,0.06299784086881859,-0.17691143684016084
-1.5958173478480029,0.24707969574082936,-0.3824045948546973,-0.3009828680679004,0.4220204099312698,-1.4822833918826506,-0.37152085173505633,0.10485810329268234
0.5686892275905293,1.4125728177506276,-0.7732890466533915,-0.3009828680679004,0.4220204099312698,-0.4722185996607658,0.22308367498603585,-1.303989597371526
-0.581204890611191,1.4125728177506276,-1.0140427537811445,-0.4954392274240588,1.892564768560437,-0.136871723093075,-0.3943902566089445,-0.45868097697300153
3.8154490907483276,1.1211995372481778,-0.8440760817054933,-0.4954392274240588,1.6445211418037107,-0.4252700369412889,0.24595307985992404,-0.17691143684016084
-0.581204890611191,1.1211995372481778,-0.6655527350631046,-0.3982110477459795,1.5204993284253465,-0.3273487489835234,0.3374306993554765,-0.45868097697300153
-0.4459232296462827,-0.3356668652640697,-0.7732890466533915,-0.10652650871174174,-0.42841488180608006,-0.9940183396000927,-0.32578204198728,-1.303989597371526
-0.581204890611191,1.4125728177506276,-0.21282686253207952,-0.20375468838982108,1.7685429551820737,-0.5178257748739717,1.4809009430498845,-1.0222200572386855
0.8392525495203458,1.1211995372481778,0.7929713388126204,0.28238621000057507,1.5204993284253465,-1.1026707276080245,0.24595307985992404,-0.7404505171058422
0.2981259056607126,-1.209786706771418,-0.6056560130959415,0.18515803032249598,-1.2965675754546246,-0.3273487489835234,-0.6002149004739379,1.5137058039568907
-1.4605356868830945,1.4125728177506276,-0.825406973559884,-0.20375468838982108,1.9811517781164114,-0.08992316037359809,0.2688224847338122,-0.17691143684016084
-1.05469070398837,1.4125728177506276,-0.8308521301023534,-0.3982110477459795,1.7685429551820737,-1.1657159404027504,0.8176882017071277,-0.45868097697300153
-1.2576131954357324,1.4125728177506276,-0.8331857686205547,-0.3009828680679004,1.892564768560437,-0.9417042268555329,-0.09708799324839842,-0.7404505171058422
-1.189972364953278,-0.044293584761620375,-0.8491322984949291,0.18515803032249598,0.17397678317454293,-1.1026707276080245,0.0401284359949304,-0.7404505171058422
-0.9870498735059157,-0.044293584761620375,-0.6581628797554677,-0.3009828680679004,-0.05634944167098955,0.28834811639475694,0.657602367589911,-1.0222200572386855
1.109815871450162,1.4125728177506276,-0.7410070471516088,0.18515803032249598,1.8748473666492427,-0.3273487489835234,1.0692516553198979,-1.303989597371526
-1.189972364953278,1.1211995372481778,-0.8802474787376113,0.3796143896786544,1.6445211418037107,-0.6063573502878421,-0.2343044224917275,-0.45868097697300153
1.109815871450162,1.4125728177506276,-0.6534956027190653,0.9629834677471302,1.9279995723828267,-0.7297650008647523,1.0006434406982332,-1.0222200572386855
-1.3928948564006407,0.24707969574082936,-0.7351729508561058,0.47684256935673375,0.29799859655290617,-0.7243994508396692,-0.3029126371133918,-1.5857591375043691
-0.37828239916382855,1.4125728177506276,-0.6636080362979371,-0.20375468838982108,1.892564768560437,-0.765982463534063,0.5432553432204701,-0.7404505171058422
-0.37828239916382855,-0.044293584761620375,-0.4115750763322117,0.28238621000057507,0.049954969796179284,-1.479600616870109,-0.37152085173505633,-0.17691143684016084
1.7862241762747033,1.4125728177506276,-0.7888466367747327,3.199231600342953,1.945716974294022,0.48284930480401755,2.4642853526270754,-0.17691143684016084
0.5010483971080751,-0.044293584761620375,-0.3738479202879596,0.3796143896786544,0.1916941850857377,0.13006439065480693,-0.1199573981222866,-0.7404505171058422
0.6363300580729832,-0.3356668652640697,-0.7923470945520343,0.7685271083909715,-0.3043930684277164,-0.39978367432214446,0.24595307985992404,0.6683971835583662
2.9361182944764237,-0.3356668652640697,-0.4979197015056546,1.060211647425209,-0.42841488180608006,1.4432827592938842,-0.6002149004739379,0.10485810329268234
0.8392525495203458,-1.209786706771418,3.684349462863857,0.9629834677471302,-1.5091763983889621,-0.45075639956043356,1.1378598699415623,0.10485810329268234
2.9361182944764237,-1.5011599872738677,0.1683340954407765,-0.10652650871174174,-1.7217852213232996,-0.8598795889730164,-0.5087372809783854,-1.5857591375043691
0.6363300580729832,-1.209786706771418,0.6972921595663728,-0.20375468838982108,-1.27885017354343,-1.1134018276581905,-0.14282680299617478,-0.45868097697300153
-0.5135640601287369,-0.9184134262689688,0.5074895600860116,2.907547061308715,-1.048523948697898,1.437917209268801,0.36030010422936465,1.5137058039568907
-1.2576131954357324,-1.5011599872738677,0.559218547239471,1.4491243661375262,-1.7217852213232996,-1.3159513411050758,0.17734486523825949,1.5137058039568907
-0.37828239916382855,-1.5011599872738677,1.4304435940345706,1.1574398271032882,-1.7217852213232996,-1.196567853046978,0.38316950910325287,1.7954753440897315
-0.9870498735059157,-1.209786706771418,-0.6017666155656063,0.9629834677471302,-1.27885017354343,-0.23479301105084052,-0.6916925199694907,1.5137058039568907
0.9068933800028,0.24707969574082936,-0.56248370050922,0.6712989287128921,0.5460422233096335,-0.28576573628912966,2.5328935672487396,0.9501667236912069
2.0567874982045202,1.1211995372481778,-0.7775673839367604,1.2546680067813676,1.6445211418037107,-0.3528351116026678,-0.46299847123060905,0.6683971835583662
4.424216565090415,-0.9184134262689688,-0.4508579913885979,1.1574398271032882,-1.048523948697898,0.850389481522207,-0.737431329717267,2.0772448842225746
4.424216565090415,-1.5011599872738677,-0.44852435287039677,2.2269498035621598,-1.7217852213232996,2.032151874546749,-0.5316066858522736,1.7954753440897315
2.124428328686974,-1.209786706771418,0.43359100700964165,0.08792985064441665,-1.27885017354343,-1.4259451166192785,-0.028479778626733888,-0.17691143684016084
4.5594982260553225,1.4125728177506276,0.5646637037819403,3.004775240986794,2.016586581938801,-0.28040018626404645,-0.737431329717267,2.3590144243554154
0.7039708885554373,0.8298262567457281,-0.5473150501409125,0.3796143896786544,0.7054988405103862,2.0388588120781033,0.40603891397714104,0.386627643425523
-1.189972364953278,-0.044293584761620375,-0.39173914892750183,0.08792985064441665,0.06767237170737408,0.16091630329903453,-0.5544760907261616,-0.7404505171058422
1.380379193379979,0.5384529762432787,-0.8584668525677338,-0.4954392274240588,0.28028119464171136,-0.24149994858219445,-0.5087372809783854,-0.7404505171058422
-0.4459232296462827,-0.3356668652640697,-0.31395119832079654,-0.20375468838982108,-0.5524366951844437,-0.5097774498363471,-0.2343044224917275,0.10485810329268234
-0.04007824675155797,0.8298262567457281,-0.5862090254442652,-0.009298329033662681,1.1307164863790615,1.904720061451027,-0.9203865687083722,0.10485810329268234
-0.581204890611191,-1.5011599872738677,2.6419909247340065,-0.009298329033662681,-1.8280896327904685,1.099887557688569,-1.19481942719503,-0.7404505171058422
1.042175040967708,-0.3356668652640697,1.1640198632066048,0.3796143896786544,-0.5524366951844437,0.5633325551802635,0.22308367498603585,-1.0222200572386855
0.3657667361431668,-1.209786706771418,2.8364608012507695,1.2546680067813676,-0.765045518118781,0.16091630329903453,-0.7831701394650432,-0.45868097697300153
0.6363300580729832,-0.9184134262689688,0.5806102336563148,1.7408089051717637,-1.190263163987456,-0.24149994858219445,-0.6916925199694907,0.10485810329268234
0.1628442446958046,0.24707969574082936,0.3083524065328461,1.351896186459447,0.4928900175760486,0.02677755267195821,-0.5544760907261616,-0.17691143684016084
0.7039708885554373,-0.9184134262689688,1.9807933445770107,-0.10652650871174174,-0.9776543410531187,-0.5097774498363471,-0.8289089492128195,0.386627643425523
0.6363300580729832,-0.3356668652640697,1.1640198632066048,-0.3982110477459795,-0.5524366951844437,0.02677755267195821,-0.2343044224917275,-1.303989597371526
-0.9870498735059157,-0.044293584761620375,0.9695499866898415,0.9629834677471302,0.4928900175760486,0.16091630329903453,-0.9203865687083722,-1.0222200572386855
-1.189972364953278,-0.3356668652640697,-0.27505722301744384,-0.4954392274240588,-0.10950164740457397,-0.6439162004634235,-0.737431329717267,-0.17691143684016084
-0.9870498735059157,0.24707969574082936,3.731022233227881,2.1297216238840813,0.06767237170737408,2.0388588120781033,-0.9203865687083722,0.386627643425523
-0.581204890611191,-1.209786706771418,0.4250343324429041,0.6712989287128921,-1.9166766423464425,-0.24149994858219445,-0.9203865687083722,0.9501667236912069
-0.17535990771646634,-0.9184134262689688,3.5365523567111175,1.1574398271032882,-0.9776543410531187,2.5754138145864083,-0.9203865687083722,-0.17691143684016084
-0.04007824675155797,-0.627040145766519,-0.4695270995342072,0.3796143896786544,-0.9776543410531187,-0.10736119795511812,-0.8746477589605959,-1.0222200572386855
-0.17535990771646634,-0.627040145766519,0.19167048062278813,1.060211647425209,-1.190263163987456,-0.5097774498363471,-1.19481942719503,0.6683971835583662
-0.6488457210936451,-0.9184134262689688,-0.15837529710738585,-0.3982110477459795,-0.9776543410531187,-0.6439162004634235,-0.9203865687083722,1.5137058039568907
-0.37828239916382855,-0.3356668652640697,0.5028222830496094,0.7685271083909715,-0.5524366951844437,0.16091630329903453,-1.1490806174472539,0.6683971835583662
0.43340756662562097,0.24707969574082936,-0.0027993958939751947,0.3796143896786544,-0.5524366951844437,0.4291938045531872,-1.2405582369428065,-0.45868097697300153
2.1920691591694283,-0.627040145766519,2.8364608012507695,-0.009298329033662681,-0.5524366951844437,0.4291938045531872,-0.8289089492128195,0.386627643425523
0.7716117190378916,-0.044293584761620375,1.9807933445770107,-0.8843519461363759,-0.10950164740457397,-0.24149994858219445,-1.0576029979517012,0.10485810329268234
2.0567874982045202,0.8298262567457281,0.8917620360831361,0.18515803032249598,0.9181076634447239,0.8316100564344162,-1.011864188203925,1.2319362638240476
1.7862241762747033,-0.627040145766519,0.38614035713955147,-0.20375468838982108,-0.5524366951844437,-0.5097774498363471,-0.6916925199694907,-1.5857591375043691
1.448020023862433,-0.9184134262689688,1.0862319125998994,0.18515803032249598,-0.9776543410531187,-0.6439162004634235,-1.19481942719503,-0.7404505171058422
2.462632481099245,-0.3356668652640697,1.4751716656334262,0.8657552880690508,-0.10950164740457397,2.0388588120781033,-1.1490806174472539,-0.7404505171058422
-0.04007824675155797,0.24707969574082936,1.1251258879032522,1.2546680067813676,0.28028119464171136,-0.24149994858219445,-0.6916925199694907,-2.7128372980357347
-0.4459232296462827,-0.044293584761620375,0.2694584312294935,0.08792985064441665,-0.5524366951844437,-0.6439162004634235,-0.005610373752845706,-1.0222200572386855
-0.24300073819892015,-0.3356668652640697,-0.3528451736241492,-0.7871237664582965,-0.5524366951844437,-0.5097774498363471,-0.46299847123060905,-1.86752867763721
-0.10771907723401215,-0.9184134262689688,-0.3528451736241492,-0.7871237664582965,-0.3221104703389112,-0.5097774498363471,-0.6459537102217142,-1.0222200572386855
0.9745342104852541,-0.627040145766519,0.07498855471273014,-1.0788083054925344,-0.765045518118781,-0.3756386992092708,-1.2862970466905828,-0.7404505171058422
0.5686892275905293,0.8298262567457281,-0.15837529710738585,-0.20375468838982108,0.9181076634447239,-0.24149994858219445,-1.2405582369428065,0.386627643425523
-0.17535990771646634,0.24707969574082936,2.097475270487069,0.5740707490348128,0.06767237170737408,0.02677755267195821,-1.3320358564383592,-1.86752867763721
-0.7164865515760993,-0.3356668652640697,-0.31395119832079654,-0.8843519461363759,-0.3221104703389112,-0.24149994858219445,-0.7831701394650432,-0.17691143684016084
-0.9870498735059157,-0.044293584761620375,0.5806102336563148,-0.6898955867802173,-0.3221104703389112,-0.10736119795511812,-1.0576029979517012,-0.7404505171058422
-1.5958173478480029,-0.044293584761620375,0.03609457940937747,-0.6898955867802173,-0.5524366951844437,-0.5097774498363471,-1.606468714925017,1.7954753440897315
0.1628442446958046,-0.3356668652640697,0.4250343324429041,-0.6898955867802173,-0.765045518118781,-0.5097774498363471,-1.1490806174472539,0.386627643425523
-0.4459232296462827,-0.3356668652640697,0.7361861348697255,-0.10652650871174174,0.06767237170737408,0.16091630329903453,-1.1490806174472539,-0.7404505171058422
-0.24300073819892015,-0.627040145766519,1.4751716656334262,-0.10652650871174174,-0.5524366951844437,-0.24149994858219445,-1.011864188203925,-0.45868097697300153
-0.24300073819892015,0.24707969574082936,1.1251258879032522,-0.009298329033662681,0.06767237170737408,0.02677755267195821,-1.011864188203925,-0.45868097697300153
0.3657667361431668,0.24707969574082936,1.9807933445770107,0.3796143896786544,-0.10950164740457397,-0.24149994858219445,-1.3320358564383592,-0.17691143684016084
1.109815871450162,0.8298262567457281,1.4751716656334262,-0.9815801258144551,0.08538977361856889,0.16091630329903453,-0.6459537102217142,1.5137058039568907
-0.5135640601287369,0.5384529762432787,0.38614035713955147,-0.4954392274240588,0.7586510462439711,-0.24149994858219445,-1.3320358564383592,0.6683971835583662
-0.10771907723401215,-0.044293584761620375,0.19167048062278813,-0.9815801258144551,-0.5524366951844437,-0.24149994858219445,-1.3777746661861352,0.10485810329268234
-0.04007824675155797,0.24707969574082936,0.34724638183619877,-1.0788083054925344,-0.3221104703389112,0.02677755267195821,-1.0576029979517012,-0.45868097697300153
-0.10771907723401215,0.24707969574082936,-0.5473150501409125,-1.0788083054925344,-0.765045518118781,-0.24149994858219445,-1.606468714925017,0.6683971835583662
0.3657667361431668,-0.044293584761620375,-0.19726927241073852,-0.9815801258144551,-0.765045518118781,0.02677755267195821,-1.2405582369428065,1.2319362638240476
0.0952034142133504,0.24707969574082936,1.5918535915434842,-0.20375468838982108,0.08538977361856889,0.8316100564344162,-1.4235134759339116,-1.303989597371526
-0.04007824675155797,0.5384529762432787,-0.6251030007476178,-0.7871237664582965,0.7586510462439711,-0.10736119795511812,-1.5607299051772408,0.10485810329268234
0.5686892275905293,0.5384529762432787,0.03609457940937747,-0.8843519461363759,0.08538977361856889,0.6974713058073398,-1.2405582369428065,0.10485810329268234
0.02756258373089622,-0.627040145766519,0.5028222830496094,-0.20375468838982108,-1.190263163987456,0.8316100564344162,-1.2862970466905828,0.10485810329268234
0.6363300580729832,-0.044293584761620375,1.9030053939703053,1.1574398271032882,-0.3221104703389112,1.099887557688569,-1.2405582369428065,1.2319362638240476
0.02756258373089622,-0.044293584761620375,0.15277650531943546,1.351896186459447,-0.3221104703389112,0.02677755267195821,-0.7831701394650432,0.10485810329268234
0.1628442446958046,0.5384529762432787,0.5417162583529621,-0.10652650871174174,0.315715998464101,0.16091630329903453,-0.8746477589605959,0.10485810329268234
0.6363300580729832,0.5384529762432787,-0.43063312423085454,-0.4954392274240588,-0.3221104703389112,0.8316100564344162,-0.7831701394650432,0.10485810329268234
-0.17535990771646634,0.5384529762432787,-0.3528451736241492,-0.6898955867802173,0.315715998464101,-0.5097774498363471,-0.8746477589605959,0.6683971835583662
0.5010483971080751,1.1211995372481778,2.40862707291389,3.199231600342953,-0.10950164740457397,0.6974713058073398,-1.0576029979517012,0.386627643425523
0.2981259056607126,-0.044293584761620375,-0.43063312423085454,-0.6898955867802173,-0.10950164740457397,-0.24149994858219445,-0.9203865687083722,0.6683971835583662
0.6363300580729832,-0.044293584761620375,-0.7028909513543232,-1.2732646648486927,-0.3221104703389112,-0.5097774498363471,-0.051349183500622064,1.7954753440897315
0.9745342104852541,0.8298262567457281,-0.5862090254442652,-0.8843519461363759,0.7232162424215814,0.16091630329903453,-0.9203865687083722,1.5137058039568907
0.2981259056607126,0.5384529762432787,-0.4695270995342072,-1.0788083054925344,-0.10950164740457397,-0.5097774498363471,-0.051349183500622064,0.9501667236912069
0.1628442446958046,0.5384529762432787,0.19167048062278813,-1.1760364851706135,0.5283248213984383,-0.6439162004634235,0.9091658212026805,0.6683971835583662
0.8392525495203458,0.5384529762432787,2.291945147003832,-0.6898955867802173,0.5283248213984383,-0.10736119795511812,0.4517777237249174,-0.45868097697300153
-0.24300073819892015,-0.044293584761620375,-0.7417849266576758,-0.8843519461363759,0.5283248213984383,-0.5097774498363471,-0.18856561274395114,0.386627643425523
0.8392525495203458,-0.044293584761620375,-0.6251030007476178,-0.3982110477459795,-0.5524366951844437,-0.24149994858219445,-0.37152085173505633,-0.7404505171058422
0.7716117190378916,0.24707969574082936,0.4639283077462568,-0.5926674071021382,0.1031071755297637,0.16091630329903453,-0.18856561274395114,0.10485810329268234
-0.7164865515760993,1.4125728177506276,-0.5862090254442652,-0.3982110477459795,0.7232162424215814,0.9657488070614925,0.08586724574270677,1.2319362638240476
-0.5135640601287369,-0.044293584761620375,-0.5084210748375598,-0.9815801258144551,-0.3221104703389112,-0.24149994858219445,0.22308367498603585,1.2319362638240476
0.1628442446958046,0.24707969574082936,-0.3528451736241492,-0.4954392274240588,-0.5524366951844437,0.02677755267195821,0.08586724574270677,-0.17691143684016084
1.1774567019326163,0.8298262567457281,-0.4695270995342072,-0.4954392274240588,-0.3221104703389112,0.02677755267195821,-0.005610373752845706,0.6683971835583662
-0.4459232296462827,0.8298262567457281,-0.2361632477140912,-0.6898955867802173,0.7232162424215814,-0.3756386992092708,0.0401284359949304,0.10485810329268234
1.9215058372396117,1.4125728177506276,-0.6639969760509705,-0.3009828680679004,1.6268037398925155,1.7705813108239505,-0.4172596614828327,0.10485810329268234
-0.17535990771646634,1.1211995372481778,-0.5862090254442652,-0.3009828680679004,0.5283248213984383,0.5633325551802635,-0.6459537102217142,0.6683971835583662
-0.17535990771646634,-0.044293584761620375,-0.6639969760509705,-0.8843519461363759,-0.5524366951844437,0.02677755267195821,0.17734486523825949,0.6683971835583662
1.1774567019326163,1.7039460982530765,-0.15837529710738585,-0.5926674071021382,1.6268037398925155,1.6364425601968742,-0.32578204198728,0.386627643425523
0.9745342104852541,0.8298262567457281,-0.7028909513543232,-0.5926674071021382,0.315715998464101,0.29505505392611087,-0.4172596614828327,0.6683971835583662
-0.5135640601287369,0.5384529762432787,-0.8195728772643812,-0.8843519461363759,0.9535424672671136,-0.10736119795511812,-0.5544760907261616,2.3590144243554154
-0.9870498735059157,0.24707969574082936,-0.7806789019610285,0.47684256935673375,-0.3221104703389112,0.02677755267195821,-0.32578204198728,2.640783964488256
-0.10771907723401215,1.7039460982530765,-0.5084210748375598,-0.20375468838982108,1.6268037398925155,0.29505505392611087,-0.051349183500622064,1.2319362638240476
1.718583345792249,1.9953193787555261,-1.0039303202022727,0.6712989287128921,1.839412562826853,0.4291938045531872,0.0401284359949304,1.5137058039568907
0.23048507517825842,1.4125728177506276,-0.39173914892750183,1.4491243661375262,0.7232162424215814,0.4291938045531872,-0.18856561274395114,1.5137058039568907
1.2450975324150706,1.9953193787555261,-0.4695270995342072,0.08792985064441665,-1.190263163987456,2.1729975627051794,0.0401284359949304,0.9501667236912069
2.124428328686974,2.286692659257976,-0.08058734650068053,0.28238621000057507,1.4141949169581778,0.6974713058073398,-0.32578204198728,0.6683971835583662
1.7862241762747033,0.24707969574082936,2.1363692457904215,0.5740707490348128,0.1031071755297637,0.5633325551802635,-0.18856561274395114,-0.7404505171058422
-0.10771907723401215,0.5384529762432787,0.15277650531943546,-0.10652650871174174,0.315715998464101,-0.24149994858219445,-0.7831701394650432,0.6683971835583662
-0.7841273820585533,-1.5011599872738677,0.19167048062278813,0.28238621000057507,-2.2533072786591433,-0.10736119795511812,0.5432553432204701,1.2319362638240476
0.3657667361431668,-1.5011599872738677,-0.08058734650068053,-0.10652650871174174,-1.8103722308792738,-0.5097774498363471,-0.8289089492128195,2.0772448842225746
